{
  "name": "root",
  "gauges": [
    {
      "name": "My Behavior.mean_reward",
      "value": 5.487675610696897,
      "min": 5.487675610696897,
      "max": 30.161965044710087,
      "count": 6
    }
  ],
  "total": 97.439936,
  "count": 1,
  "self": 42.71998720000017,
  "children": [
    {
      "name": "TrainerController.advance",
      "total": 54.719948799999834,
      "count": 7151,
      "self": 4.912248500000182,
      "children": [
        {
          "name": "env_step",
          "total": 49.80770029999965,
          "count": 7151,
          "self": 43.77761239999958,
          "children": [
            {
              "name": "SubprocessEnvManager._take_step",
              "total": 5.911794300000388,
              "count": 7151,
              "self": 0.2062262000007209,
              "children": [
                {
                  "name": "PPOPolicy.evaluate",
                  "total": 5.705568099999667,
                  "count": 7151,
                  "self": 5.705568099999667
                }
              ]
            },
            {
              "name": "workers",
              "total": 0.11829359999968148,
              "count": 7150,
              "self": 0.0,
              "children": [
                {
                  "name": "worker_root",
                  "total": 95.80676019999987,
                  "count": 7150,
                  "is_parallel": true,
                  "self": 58.03473940000005,
                  "children": [
                    {
                      "name": "batched_step_result_from_proto",
                      "total": 0.07119919999999524,
                      "count": 1,
                      "is_parallel": true,
                      "self": 0.00012530000000054997,
                      "children": [
                        {
                          "name": "_process_vector_observation",
                          "total": 0.0710738999999947,
                          "count": 1,
                          "is_parallel": true,
                          "self": 0.0710738999999947
                        }
                      ]
                    },
                    {
                      "name": "UnityEnvironment.step",
                      "total": 37.70082159999983,
                      "count": 7150,
                      "is_parallel": true,
                      "self": 0.7062598999999707,
                      "children": [
                        {
                          "name": "UnityEnvironment._generate_step_input",
                          "total": 0.5521154999996511,
                          "count": 7150,
                          "is_parallel": true,
                          "self": 0.5521154999996511
                        },
                        {
                          "name": "communicator.exchange",
                          "total": 35.12547720000063,
                          "count": 7150,
                          "is_parallel": true,
                          "self": 35.12547720000063
                        },
                        {
                          "name": "batched_step_result_from_proto",
                          "total": 1.316968999999574,
                          "count": 7150,
                          "is_parallel": true,
                          "self": 0.4525952999997429,
                          "children": [
                            {
                              "name": "_process_vector_observation",
                              "total": 0.864373699999831,
                              "count": 7150,
                              "is_parallel": true,
                              "self": 0.864373699999831
                            }
                          ]
                        }
                      ]
                    }
                  ]
                }
              ]
            }
          ]
        }
      ]
    }
  ]
}