Steps,Policy/Entropy,Policy/Learning Rate,Policy/Extrinsic Value Estimate,Policy/Extrinsic Reward,Environment/Cumulative Reward,Environment/Episode Length
1000,1.791607,0.00019999995,-0.0022312973,1.3593289766992842,1.3593289742063592,113.28571428571429
2000,1.7915615,0.00019999995,-0.06263874,4.324657708406448,4.3246577725966135,180.0
