Steps,Policy/Entropy,Policy/Learning Rate,Policy/Extrinsic Value Estimate,Policy/Extrinsic Reward,Environment/Cumulative Reward,Environment/Episode Length
1000,1.7916284,0.00019999995,0.21017496,2.0646876953542233,2.0646876796405422,122.5
2000,1.791639,0.00019999995,0.19431412,2.782220946890967,2.7822209971445773,139.71428571428572
