{"count":1,"gauges":{},"self":362.2887424,"total":368.48418569999995,"children":{"AgentResetIfDone":{"count":3466,"self":0.0396622,"total":0.0396622,"children":null},"AgentSendState":{"count":3466,"self":0.134815,"total":0.42705279999999995,"children":{"CollectObservations":{"count":3466,"self":0.2922378,"total":0.2922378,"children":null}}},"DecideAction":{"count":3466,"self":5.6727652,"total":5.6727650999999994,"children":null},"AcademyStep":{"count":3466,"self":0.0099809,"total":0.0099809,"children":null},"AgentAct":{"count":3466,"self":0.0439907,"total":0.0439907,"children":null}}}